{
  "timestamp": "2026-04-12T15:33:26.0714759+10:00",
  "totalMemoryBytes": 17041260544,
  "freeMemoryBytes": 7990087680,
  "cpuLoadPercent": 10,
  "codexProcesses": [
    {
      "Id": 10108,
      "ProcessName": "codex",
      "WS": 583413760,
      "CPU": 1688.46875
    },
    {
      "Id": 14640,
      "ProcessName": "codex",
      "WS": 424984576,
      "CPU": 1534.796875
    }
  ],
  "ollamaProcesses": [
    {
      "Id": 19548,
      "ProcessName": "ollama",
      "WS": 29605888,
      "CPU": 232.1875
    }
  ]
}
