{
  "timestamp": "2026-04-12T18:21:19.3618631+10:00",
  "totalMemoryBytes": 17041260544,
  "freeMemoryBytes": 7870644224,
  "cpuLoadPercent": 10,
  "codexProcesses": [
    {
      "Id": 10108,
      "ProcessName": "codex",
      "WS": 539807744,
      "CPU": 2066.390625
    },
    {
      "Id": 14640,
      "ProcessName": "codex",
      "WS": 281976832,
      "CPU": 2025.078125
    }
  ],
  "ollamaProcesses": [
    {
      "Id": 19548,
      "ProcessName": "ollama",
      "WS": 22822912,
      "CPU": 235.359375
    }
  ]
}
