{
  "timestamp": "2026-04-12T17:56:45.1831287+10:00",
  "totalMemoryBytes": 17041260544,
  "freeMemoryBytes": 8715071488,
  "cpuLoadPercent": 7,
  "codexProcesses": [
    {
      "Id": 10108,
      "ProcessName": "codex",
      "WS": 521187328,
      "CPU": 2024.984375
    },
    {
      "Id": 14640,
      "ProcessName": "codex",
      "WS": 281976832,
      "CPU": 1971.828125
    }
  ],
  "ollamaProcesses": [
    {
      "Id": 19548,
      "ProcessName": "ollama",
      "WS": 22802432,
      "CPU": 235.078125
    }
  ]
}
