{
  "timestamp": "2026-04-14T06:19:51.5171879+10:00",
  "totalMemoryBytes": 17041260544,
  "freeMemoryBytes": 7535534080,
  "cpuLoadPercent": 68,
  "codexProcesses": [
    {
      "Id": 5172,
      "ProcessName": "codex",
      "WS": 42500096,
      "CPU": 0.34375
    },
    {
      "Id": 8532,
      "ProcessName": "codex",
      "WS": 60776448,
      "CPU": 0.40625
    },
    {
      "Id": 10632,
      "ProcessName": "codex",
      "WS": 59699200,
      "CPU": 0.53125
    }
  ],
  "ollamaProcesses": [
    {
      "Id": 8224,
      "ProcessName": "ollama",
      "WS": 150880256,
      "CPU": 0.609375
    }
  ]
}
