{
  "timestamp": "2026-04-13T16:39:26.9008112+10:00",
  "totalMemoryBytes": 17041260544,
  "freeMemoryBytes": 9996455936,
  "cpuLoadPercent": 2,
  "codexProcesses": [
    {
      "Id": 14992,
      "ProcessName": "codex",
      "WS": 157327360,
      "CPU": 65.375
    },
    {
      "Id": 15124,
      "ProcessName": "codex",
      "WS": 265936896,
      "CPU": 104.96875
    }
  ],
  "ollamaProcesses": [
    {
      "Id": 15980,
      "ProcessName": "ollama",
      "WS": 151142400,
      "CPU": 0.875
    }
  ]
}
