{
  "timestamp": "2026-04-12T17:02:41.1101873+10:00",
  "totalMemoryBytes": 17041260544,
  "freeMemoryBytes": 7073992704,
  "cpuLoadPercent": 16,
  "codexProcesses": [
    {
      "Id": 10108,
      "ProcessName": "codex",
      "WS": 651628544,
      "CPU": 1923.296875
    },
    {
      "Id": 14640,
      "ProcessName": "codex",
      "WS": 445923328,
      "CPU": 1835.484375
    }
  ],
  "ollamaProcesses": [
    {
      "Id": 19548,
      "ProcessName": "ollama",
      "WS": 29642752,
      "CPU": 233.640625
    }
  ]
}
