{
  "timestamp": "2026-04-13T18:25:45.4151301+10:00",
  "totalMemoryBytes": 17041260544,
  "freeMemoryBytes": 9844297728,
  "cpuLoadPercent": 7,
  "codexProcesses": [
    {
      "Id": 14992,
      "ProcessName": "codex",
      "WS": 451923968,
      "CPU": 249.078125
    },
    {
      "Id": 15124,
      "ProcessName": "codex",
      "WS": 289505280,
      "CPU": 323.46875
    }
  ],
  "ollamaProcesses": [
    {
      "Id": 15980,
      "ProcessName": "ollama",
      "WS": 151142400,
      "CPU": 1.96875
    }
  ]
}
