{
  "timestamp": "2026-04-13T17:51:06.5800369+10:00",
  "totalMemoryBytes": 17041260544,
  "freeMemoryBytes": 8575868928,
  "cpuLoadPercent": 12,
  "codexProcesses": [
    {
      "Id": 14992,
      "ProcessName": "codex",
      "WS": 462942208,
      "CPU": 215.03125
    },
    {
      "Id": 15124,
      "ProcessName": "codex",
      "WS": 288120832,
      "CPU": 248.03125
    }
  ],
  "ollamaProcesses": [
    {
      "Id": 15980,
      "ProcessName": "ollama",
      "WS": 151142400,
      "CPU": 1.671875
    }
  ]
}
