{
  "timestamp": "2026-04-12T18:59:35.1387486+10:00",
  "totalMemoryBytes": 17041260544,
  "freeMemoryBytes": 8075726848,
  "cpuLoadPercent": 22,
  "codexProcesses": [
    {
      "Id": 10108,
      "ProcessName": "codex",
      "WS": 578912256,
      "CPU": 2270.625
    },
    {
      "Id": 14640,
      "ProcessName": "codex",
      "WS": 281976832,
      "CPU": 2126.71875
    }
  ],
  "ollamaProcesses": [
    {
      "Id": 19548,
      "ProcessName": "ollama",
      "WS": 22835200,
      "CPU": 235.859375
    }
  ]
}
