{
  "timestamp": "2026-04-14T06:48:49.4738569+10:00",
  "totalMemoryBytes": 17041260544,
  "freeMemoryBytes": 9310687232,
  "cpuLoadPercent": 6,
  "codexProcesses": [
    {
      "Id": 1828,
      "ProcessName": "codex",
      "WS": 73367552,
      "CPU": 1.015625
    },
    {
      "Id": 8536,
      "ProcessName": "codex",
      "WS": 72691712,
      "CPU": 0.78125
    },
    {
      "Id": 13384,
      "ProcessName": "codex",
      "WS": 67584000,
      "CPU": 0.5625
    }
  ],
  "ollamaProcesses": [
    {
      "Id": 8224,
      "ProcessName": "ollama",
      "WS": 150880256,
      "CPU": 1
    }
  ]
}
