{
  "timestamp": "2026-04-12T15:47:54.1727456+10:00",
  "totalMemoryBytes": 17041260544,
  "freeMemoryBytes": 7533645824,
  "cpuLoadPercent": 17,
  "codexProcesses": [
    {
      "Id": 10108,
      "ProcessName": "codex",
      "WS": 614707200,
      "CPU": 1735.875
    },
    {
      "Id": 14640,
      "ProcessName": "codex",
      "WS": 424611840,
      "CPU": 1582.21875
    }
  ],
  "ollamaProcesses": [
    {
      "Id": 19548,
      "ProcessName": "ollama",
      "WS": 29609984,
      "CPU": 232.328125
    }
  ]
}
