{
  "timestamp": "2026-04-12T17:56:43.7834199+10:00",
  "totalMemoryBytes": 17041260544,
  "freeMemoryBytes": 8703275008,
  "cpuLoadPercent": 15,
  "codexProcesses": [
    {
      "Id": 10108,
      "ProcessName": "codex",
      "WS": 521175040,
      "CPU": 2024.96875
    },
    {
      "Id": 14640,
      "ProcessName": "codex",
      "WS": 281976832,
      "CPU": 1971.828125
    }
  ],
  "ollamaProcesses": [
    {
      "Id": 19548,
      "ProcessName": "ollama",
      "WS": 22802432,
      "CPU": 235.078125
    }
  ]
}
