{
  "timestamp": "2026-04-12T16:29:15.0778604+10:00",
  "totalMemoryBytes": 17041260544,
  "freeMemoryBytes": 8590180352,
  "cpuLoadPercent": 19,
  "codexProcesses": [
    {
      "Id": 10108,
      "ProcessName": "codex",
      "WS": 637988864,
      "CPU": 1823.765625
    },
    {
      "Id": 14640,
      "ProcessName": "codex",
      "WS": 446394368,
      "CPU": 1731.453125
    }
  ],
  "ollamaProcesses": [
    {
      "Id": 19548,
      "ProcessName": "ollama",
      "WS": 29642752,
      "CPU": 233.125
    }
  ]
}
