{
  "timestamp": "2026-04-12T17:02:42.8135538+10:00",
  "totalMemoryBytes": 17041260544,
  "freeMemoryBytes": 6995996672,
  "cpuLoadPercent": 10,
  "codexProcesses": [
    {
      "Id": 10108,
      "ProcessName": "codex",
      "WS": 651628544,
      "CPU": 1923.3125
    },
    {
      "Id": 14640,
      "ProcessName": "codex",
      "WS": 445923328,
      "CPU": 1835.53125
    }
  ],
  "ollamaProcesses": [
    {
      "Id": 19548,
      "ProcessName": "ollama",
      "WS": 29642752,
      "CPU": 233.640625
    }
  ]
}
