{
  "timestamp": "2026-04-12T17:33:05.2894902+10:00",
  "totalMemoryBytes": 17041260544,
  "freeMemoryBytes": 2349678592,
  "cpuLoadPercent": 71,
  "codexProcesses": [
    {
      "Id": 10108,
      "ProcessName": "codex",
      "WS": 502550528,
      "CPU": 1986.359375
    },
    {
      "Id": 14640,
      "ProcessName": "codex",
      "WS": 281976832,
      "CPU": 1902.328125
    }
  ],
  "ollamaProcesses": [
    {
      "Id": 19548,
      "ProcessName": "ollama",
      "WS": 22368256,
      "CPU": 234.6875
    }
  ]
}
