{
  "timestamp": "2026-04-12T17:45:54.3310107+10:00",
  "totalMemoryBytes": 17041260544,
  "freeMemoryBytes": 8909881344,
  "cpuLoadPercent": 6,
  "codexProcesses": [
    {
      "Id": 10108,
      "ProcessName": "codex",
      "WS": 519380992,
      "CPU": 2012.40625
    },
    {
      "Id": 14640,
      "ProcessName": "codex",
      "WS": 281976832,
      "CPU": 1929.921875
    }
  ],
  "ollamaProcesses": [
    {
      "Id": 19548,
      "ProcessName": "ollama",
      "WS": 22691840,
      "CPU": 234.859375
    }
  ]
}
