{
  "timestamp": "2026-04-13T17:51:08.0357648+10:00",
  "totalMemoryBytes": 17041260544,
  "freeMemoryBytes": 8562126848,
  "cpuLoadPercent": 4,
  "codexProcesses": [
    {
      "Id": 14992,
      "ProcessName": "codex",
      "WS": 463007744,
      "CPU": 215.078125
    },
    {
      "Id": 15124,
      "ProcessName": "codex",
      "WS": 288120832,
      "CPU": 248.09375
    }
  ],
  "ollamaProcesses": [
    {
      "Id": 15980,
      "ProcessName": "ollama",
      "WS": 151142400,
      "CPU": 1.671875
    }
  ]
}
