{
  "timestamp": "2026-04-12T16:41:23.8734422+10:00",
  "totalMemoryBytes": 17041260544,
  "freeMemoryBytes": 8535011328,
  "cpuLoadPercent": 23,
  "codexProcesses": [
    {
      "Id": 10108,
      "ProcessName": "codex",
      "WS": 637898752,
      "CPU": 1858.5625
    },
    {
      "Id": 14640,
      "ProcessName": "codex",
      "WS": 446054400,
      "CPU": 1773.265625
    }
  ],
  "ollamaProcesses": [
    {
      "Id": 19548,
      "ProcessName": "ollama",
      "WS": 29609984,
      "CPU": 233.390625
    }
  ]
}
