{
  "timestamp": "2026-04-12T16:29:24.9092017+10:00",
  "totalMemoryBytes": 17041260544,
  "freeMemoryBytes": 8317509632,
  "cpuLoadPercent": 19,
  "codexProcesses": [
    {
      "Id": 10108,
      "ProcessName": "codex",
      "WS": 638050304,
      "CPU": 1824.109375
    },
    {
      "Id": 14640,
      "ProcessName": "codex",
      "WS": 446230528,
      "CPU": 1731.78125
    }
  ],
  "ollamaProcesses": [
    {
      "Id": 19548,
      "ProcessName": "ollama",
      "WS": 29609984,
      "CPU": 233.125
    }
  ]
}
